Name,Rating,Visitors,Historical,Natural,Amusement,Beach,B
Noel,-0.42766819513541043,-0.7749301640115733,0.14948983656114917,0.8010237141920536,0.7387656050015922,0.9996671115601296,0.8357581118754961
Harsh,0.3890129631547376,-0.7632986735319099,0.3280304710217369,0.411008068884692,-0.028038072404582184,0.7558826228813583,0.9397896696447583
Vikranth,0.9186455884556541,-1.2328390686946922,-0.40651696490153366,1.1188890380479302,-0.299624090225869,0.16549251064013476,0.37093133805955936
Muthuraj,0.12579023694110314,-0.2538039775407596,0.5685862586667679,0.21029582730403998,-0.32110608880367303,0.6972217737121845,0.9526225363175609
Armaan,-0.40120893767407867,-1.0323303602921334,0.5292520200415501,0.3211243105624183,-0.7479582081893691,1.2094832489278087,0.6638968535468045
